trial,objective,episodes,env_steps,wall_s,params
0,2308.42,1,4500,72.9,"{""werr"": [37.91911501831737, 229.43167724068675, 67.97778727313005, 36.34040246656973, 9.78906459488682, 108.40194217547871, 11.381753614017377, 1550.295838874778, 3374.6008058735506, 6.335489790233245, 525.1606843946108, 30.567601528504124], ""wu"": [0.25299019373302156]}"
1,208427,1,4500,71.8,"{""werr"": [2235.37731567053, 0.2156732618660143, 0.2566953288617171, 0.12445307827707325, 817.4396120856485, 453.4560821233924, 1225.0702346948294, 3967.3291735266807, 569.1439477749359, 14.73932791042135, 465.24657736208434, 0.359557191452094], ""wu"": [0.4156550566889367]}"
2,18410.7,1,4500,70.0,"{""werr"": [0.4716423532002822, 2747.710069183186, 28.323675540349477, 8.881452919551364, 1.7504063725685013, 434.61116900836925, 13.913510770761723, 46.88717590011644, 0.12254418523158843, 79.84554220174131, 75.20027709315656, 79.24180253046326], ""wu"": [3.390113510789916]}"
3,115662,1,4500,71.3,"{""werr"": [159.90171945808356, 4.890089875218341, 11.313579731133864, 189.7352674239554, 0.19186585118628038, 135.86787899296476, 141.67957098356624, 0.9740502091151569, 0.4034788789149694, 3.035207310057852, 5.117596054860437, 47.790053946536], ""wu"": [0.10346049328269172]}"
5,2308.42,1,4500,63.6,"{""werr"": [37.91911501831737, 229.43167724068675, 67.97778727313005, 36.34040246656973, 9.78906459488682, 108.40194217547871, 11.381753614017377, 1550.295838874778, 3374.6008058735506, 6.335489790233245, 525.1606843946108, 30.567601528504124], ""wu"": [0.25299019373302156]}"
6,208427,1,4500,63.8,"{""werr"": [2235.37731567053, 0.2156732618660143, 0.2566953288617171, 0.12445307827707325, 817.4396120856485, 453.4560821233924, 1225.0702346948294, 3967.3291735266807, 569.1439477749359, 14.73932791042135, 465.24657736208434, 0.359557191452094], ""wu"": [0.4156550566889367]}"
7,18410.7,1,4500,62.2,"{""werr"": [0.4716423532002822, 2747.710069183186, 28.323675540349477, 8.881452919551364, 1.7504063725685013, 434.61116900836925, 13.913510770761723, 46.88717590011644, 0.12254418523158843, 79.84554220174131, 75.20027709315656, 79.24180253046326], ""wu"": [3.390113510789916]}"
8,115662,1,4500,62.3,"{""werr"": [159.90171945808356, 4.890089875218341, 11.313579731133864, 189.7352674239554, 0.19186585118628038, 135.86787899296476, 141.67957098356624, 0.9740502091151569, 0.4034788789149694, 3.035207310057852, 5.117596054860437, 47.790053946536], ""wu"": [0.10346049328269172]}"
9,201553,1,4500,62.3,"{""werr"": [4408.989028483806, 0.3016515108086359, 0.9583090984800724, 0.572780977067935, 117.20238001641734, 1.5495644443380647, 15.53031749518914, 1.4078245202985151, 0.5584615857299066, 0.3301030047942196, 121.35929750699842, 0.4459822184439604], ""wu"": [0.019440932365768337]}"
10,12760.9,1,4500,61.2,"{""werr"": [5.402919747551549, 720.8129173335085, 0.28594070415710326, 865.9204287615446, 0.2828547890011667, 3875.731980588363, 15.928612201173946, 3888.401077545039, 69.52659400725649, 297.69900622350355, 0.15280665197235982, 2.1325608602572066], ""wu"": [0.011469901490655937]}"
11,38671.4,1,4500,61.1,"{""werr"": [0.12460947670709834, 28.46751754325448, 2999.6906441558167, 2335.3508894036136, 55.126820893294514, 0.12300286674929073, 0.19010555050918373, 180.06245073511084, 16.262913182665137, 4681.624642404457, 0.11312738334675045, 3983.191529754892], ""wu"": [0.03455619146984339]}"
12,20633.5,1,4500,60.9,"{""werr"": [22.641626007096512, 177.2338212561285, 743.6838057572813, 16.742869808168564, 9.90160413895622, 13.077317622843482, 0.8902420213750188, 429.91873800210124, 4038.4458769713515, 0.13759679409471479, 3631.066586979256, 6.8661157893923015], ""wu"": [0.4718007044685589]}"
13,2710.97,1,4500,61.2,"{""werr"": [16.342856862047885, 126.12615886544604, 215.08246122115958, 32.57708030309931, 13.472196401963897, 10.621727155884303, 1.7666826088157148, 316.98386376343853, 4288.594003204438, 1.286014764266137, 3692.741884364724, 686.240766769476], ""wu"": [0.13540160721377856]}"
14,33865.5,1,4500,61.3,"{""werr"": [153.35618228399295, 204.82706677903164, 162.14390223715213, 102.97256904798328, 4.955577674745055, 18.974524525273793, 94.10134122488918, 1077.0530313785798, 656.2616210490567, 16.965625086569222, 596.336156642966, 11.525728010195007], ""wu"": [1.1398400821088817]}"
15,10664.4,1,4500,60.4,"{""werr"": [4.932241509324298, 24.20603371217695, 122.08972050455249, 2.4446073766853016, 72.03535711046403, 36.40469721898358, 3.2624632336600077, 17.842803587932462, 97.15298541861718, 1.4284397484805669, 14.479340368762424, 443.70283679757534], ""wu"": [0.04692061844941862]}"
16,38198.8,1,4500,60.3,"{""werr"": [54.02720047397174, 755.0552380130972, 2.573260192959741, 2.3677169947176364, 4570.221031498641, 3446.61971474443, 0.10835848864518177, 924.3283350795283, 1291.0246802488302, 695.9503836155503, 914.9687541971916, 6.597595145606194], ""wu"": [0.9837137602060689]}"
17,26622.7,1,4500,61.0,"{""werr"": [516.1736169763348, 35.25661645451638, 780.0651511654659, 66.34047576971783, 1.1152473231829738, 60.715273661663645, 47.45884342469987, 96.85183502457123, 156.215224363428, 7.510183599043918, 21.54904536481947, 364.74225210752707], ""wu"": [0.17924683234996158]}"
18,78427.8,1,4500,60.4,"{""werr"": [3.742821519204127, 656.143814416562, 63.21546010005822, 635.9129065744069, 24.34165178253294, 3.796166767141597, 0.5619907713989288, 5.999499272596685, 2142.9310522179658, 57.742626590167404, 1468.5810380137127, 1.6243723724285366], ""wu"": [1.3588720651002262]}"
19,23609.5,5,4500,60.2,"{""werr"": [24.69524311376954, 2.4669997253790714, 2.400890614456477, 3.0421968421161827, 238.66382928515233, 2.287268720436145, 3.7848304676623825, 0.1803947205201035, 4.535265873716473, 0.5935484085270298, 143.501473884644, 15.14634538254664], ""wu"": [0.26291200396521053]}"
20,154.51,1,4500,60.6,"{""werr"": [531.0385945092993, 80.95898317839027, 586.6444897391799, 496.2377315047421, 4.4638549943485275, 0.4999307415281012, 490.88481446981194, 1186.6254871811411, 221.95858708498722, 5.5481872300728465, 0.696799774123874, 186.4326192723036], ""wu"": [0.006170695846892357]}"
21,22793.1,1,4500,60.6,"{""werr"": [404.66421935096537, 1.1149375989693435, 2793.4119360499794, 4635.843473290593, 3.4641748809395825, 0.1394502685784719, 4196.263654330857, 546.3606229672864, 23.535916608681887, 291.64563817449203, 0.44992734456568206, 2118.30358388483], ""wu"": [0.005144864149685146]}"
22,917.11,1,4500,61.1,"{""werr"": [645.6902309542106, 60.19937359323996, 466.32782161462274, 391.26766152249974, 0.5829491046385763, 0.5052363725181007, 604.6687364620523, 1476.725508374781, 253.0792818003373, 6.388157739630038, 0.9676009391871135, 103.49528617929988], ""wu"": [0.036256767094200414]}"
23,289.616,1,4500,60.7,"{""werr"": [555.3173757093188, 54.68926084573445, 441.5713335994296, 493.350140616361, 0.7231988323675568, 0.4262328396322411, 499.7257419471511, 1507.1797041140685, 382.6876034973971, 33.31260274173064, 1.0269917070568133, 277.09494999559644], ""wu"": [0.006810419462363545]}"
24,494.336,1,4500,60.7,"{""werr"": [707.171876954847, 46.55871104280208, 731.2403343203364, 639.459223981196, 0.5427449398446005, 0.6712089386800748, 603.009102913918, 222.54211601177167, 250.07728231405716, 39.57466476591826, 1.0120745447983706, 167.9608120863547], ""wu"": [0.005178568071004866]}"
25,737.413,1,4500,60.8,"{""werr"": [1198.0743974208397, 12.808707437174773, 1431.163861781322, 1264.3294821383868, 0.5945756839802238, 0.5096053206907658, 425.9878504434823, 98.03810241842795, 35.29241052278755, 35.02664187172721, 1.0682749551800916, 216.13091916700952], ""wu"": [0.005505385484704404]}"
26,3527.96,1,4500,61.6,"{""werr"": [340.80749268383823, 71.00609026747438, 301.12136598129257, 341.5511424176712, 0.5080421904346201, 0.4868563351571304, 3168.814527509107, 197.9480945447414, 282.3214328348492, 330.4261718483529, 1.820910937045314, 1978.7025102299992], ""wu"": [0.009958654222301641]}"
27,1298.79,1,4500,60.8,"{""werr"": [1101.9457379749717, 13.668151959482762, 1627.106550766993, 2920.988247798515, 3.336591838059718, 0.7430814095711057, 381.63105818075894, 447.8847967135871, 8.493511989649727, 146.59587438122455, 0.3319366993837322, 1038.780963466227], ""wu"": [0.010605713285905746]}"
28,6216.21,1,4500,60.2,"{""werr"": [98.2119479962302, 9.690380222765604, 889.7753282755488, 1438.820856348307, 1.0634018262727583, 0.23010775978214182, 1023.2087197432865, 12.503177561809375, 64.96123819382971, 30.218004926883683, 2.751290358214866, 197.41767850102022], ""wu"": [0.018946774746886084]}"
29,148.462,1,4500,60.4,"{""werr"": [4948.490273001495, 47.10336520442978, 4278.075570184063, 393.38570298701364, 0.11889640225432405, 3.5977413937038123, 274.8447115379448, 131.62373012091695, 1157.545269352665, 1159.7288131855876, 0.3914707286956894, 178.25343297234554], ""wu"": [0.007470481472409578]}"
30,106.812,1,4500,60.7,"{""werr"": [3318.4983966246077, 450.1440629318719, 4390.8294816371335, 149.14048150375598, 0.12899532178598463, 3.938237202172129, 46.92369140156099, 2256.695558288, 1108.0325377403715, 1951.762022751684, 0.3310463721109595, 793.8572403650412], ""wu"": [0.01905678067973016]}"
31,301.148,1,4500,61.5,"{""werr"": [4842.092742234949, 487.2993677535186, 3848.0801397039727, 153.20205416618683, 0.11565760645997147, 5.351162240745784, 42.61080098876134, 697.0184653613951, 1139.7940177125404, 4106.635448457858, 0.309266461547379, 0.105076306102443], ""wu"": [0.019736719390554235]}"
32,31183.9,1,4500,60.0,"{""werr"": [2173.3205626477743, 120.34288147672976, 4843.45373754888, 308.9297793615301, 0.13566092370701685, 1.5543384409697343, 199.72630845700087, 2325.1055904285795, 1204.950663534664, 1327.1417284278434, 0.5883999866643715, 1155.952104489866], ""wu"": [0.007547988639678073]}"
33,210.177,1,4500,60.3,"{""werr"": [2160.3766625007074, 81.1068256804974, 2006.8281395038125, 88.34619280414903, 0.3436711799385739, 6.615734721377767, 35.80996671562837, 2526.986472042093, 452.78827983189456, 1921.8130779941341, 0.2034073441607533, 411.44371247692874], ""wu"": [0.014093788857890683]}"
34,16.0462,1,4500,60.2,"{""werr"": [2448.577378231015, 1378.4904033405496, 1829.5577710034934, 66.34462399741894, 0.3096124673715845, 5.252068905323312, 42.277674876775436, 4603.984005157009, 698.7784571824637, 1767.4113805878585, 0.12615100828247822, 520.788050694794], ""wu"": [0.014667334446086883]}"
35,12983.3,1,4500,61.0,"{""werr"": [4885.100466081781, 1412.3653845017648, 1456.6887286119518, 35.58352888426753, 0.10241624414611446, 2.9161495555863777, 69.87933802094932, 4959.641059518901, 1646.9924431390334, 1623.9358722507993, 0.20750432053437567, 124.5457366209577], ""wu"": [0.027326343928609945]}"
36,52.8805,1,4500,60.1,"{""werr"": [1337.4492271058066, 3901.338125764662, 3890.9727238408345, 63.27479902636914, 0.2688869585478379, 1.1885038796320098, 207.63222867372357, 2410.7476643925356, 783.9254591844438, 838.8976724629322, 0.5064761264216824, 708.0634288059443], ""wu"": [0.05720657841841557]}"
37,15214.3,1,4500,60.8,"{""werr"": [1239.227401717355, 4964.663909465001, 4899.470777372036, 58.57231922257121, 0.23628990427492322, 1.2579914906797416, 239.9866005829047, 3374.0599907914543, 950.8136269680671, 604.7672767735972, 0.1057918147406974, 3537.8009485705343], ""wu"": [0.06579686026353028]}"
38,100.36,1,4500,60.1,"{""werr"": [2828.9175826673118, 1329.0623845054786, 1734.1556638907002, 16.495582663896293, 0.29493338559948545, 6.880357798791168, 30.8098388965014, 35.29800636813713, 2319.9279038759264, 2404.1103552621253, 2.5578787735511335, 762.346946141017], ""wu"": [0.06512041307370871]}"
39,31006.7,1,4500,61.3,"{""werr"": [2846.267282062472, 1420.5122919373719, 2125.6670301860822, 13.75667373972486, 1.3235180479406925, 26.16383462724069, 23.997024166914304, 0.132918398033196, 2865.7843976013055, 2403.8073415068693, 4.954336060924, 738.866697082326], ""wu"": [0.07013588718480206]}"
40,33149.7,1,4500,60.1,"{""werr"": [274.274292249065, 402.01488596939197, 1105.1829484682532, 5.206226327443399, 0.2561973064512189, 11.781378704978096, 5.5498319520750385, 43.34442107887199, 2199.698987007572, 592.2441884233242, 2.2209102991506673, 1974.4812824214714], ""wu"": [0.06040013078328145]}"
41,1627.38,1,4500,60.0,"{""werr"": [1236.6324266061135, 1676.361318096464, 2552.608222070606, 15.299293747411454, 2.0098929606591307, 7.9402197788485935, 83.75846197032294, 0.35963343957710786, 622.0872439055589, 2938.2022420255744, 13.87157964905973, 653.3425832720508], ""wu"": [0.09270088113496971]}"
42,437.914,1,4500,60.1,"{""werr"": [2670.460586352825, 4467.570825628787, 4643.565591056875, 123.59624789899651, 0.1563482724732439, 4.120180790413689, 7.91060823798094, 3.8674821263789343, 848.7782155772176, 1000.0676348693838, 0.2980182750860176, 1335.5321865769495], ""wu"": [0.023372381808709174]}"
43,247.269,1,4500,60.3,"{""werr"": [1665.840314585355, 2619.343105873759, 2518.9875141863704, 28.046681343420044, 0.3606623208324975, 2.2194783491825874, 116.25687484323788, 27.802876618898843, 1743.757619618104, 951.6757443191265, 0.47146625244466467, 60.90938809655898], ""wu"": [0.013941409559014878]}"
44,33.9614,1,4500,60.5,"{""werr"": [2792.885760333678, 907.8626786827083, 1321.241047589905, 57.43257812985113, 0.17034536499022862, 1.1424446331717752, 26.029159575128453, 1923.647591350287, 4583.448888628086, 186.3723206595328, 0.21272684346294346, 4824.621590746148], ""wu"": [0.04058724982824121]}"
45,24.8039,1,4500,60.4,"{""werr"": [2902.6081193300056, 347.45865048486377, 1207.188057565328, 201.04747384660288, 0.19516903404564717, 1.0120018975891507, 24.652884001341977, 2187.702818356834, 4663.960903392732, 137.47825174031573, 0.18332370039776028, 4240.673190452395], ""wu"": [0.04182511175700195]}"
46,542.963,1,4500,61.0,"{""werr"": [874.5267917542135, 1082.6287103410955, 251.6131885504617, 58.392718255869376, 0.22969412839923337, 0.9140574956063239, 28.58131404985245, 2341.4506426973808, 4022.728648186213, 218.21581954157983, 0.1688915072988153, 4788.134586248347], ""wu"": [0.03686099490425289]}"
47,238.816,1,4500,60.9,"{""werr"": [1768.263341419228, 316.68006347907124, 395.87404318097293, 22.72655270871558, 0.3707259215569338, 0.3044653233140835, 20.673624181417658, 728.745501305818, 4558.948652187658, 176.77894605828374, 0.10048282796961346, 3345.2969055579147], ""wu"": [0.048425393189837615]}"
48,674.813,1,4500,60.5,"{""werr"": [217.0027680790571, 2379.165177349889, 1061.9664632863964, 7.974781920485657, 2.0478594473802554, 1.2551648800930908, 10.3695651141075, 4690.9047967446995, 2641.0300820584375, 106.76867243217262, 1.6237526098384976, 2589.160817272023], ""wu"": [0.12950627545753482]}"
49,361.825,1,4500,61.4,"{""werr"": [3139.020714617627, 738.7016503604791, 119.77258762767276, 0.8866235688251548, 0.8829412647154894, 1.921757075977681, 19.97544951736673, 339.87490689529045, 2770.3316953718418, 519.42419616114, 4.481355609311646, 1723.0362897775265], ""wu"": [0.09518608234184038]}"
50,556.228,1,4500,60.3,"{""werr"": [1527.2918735903918, 3231.9059252396587, 1392.1213219541394, 218.8684729468249, 0.19941632662460704, 17.205711114707448, 60.822852255760175, 2.1915487329145367, 4896.493932427243, 469.47813782906803, 0.20230260563956476, 446.23522665557203], ""wu"": [0.05418670342851852]}"
51,33877.6,1,4500,60.3,"{""werr"": [864.6275484931812, 279.99569818389296, 836.5234329236569, 44.24497092630487, 0.3713703366856874, 0.2534507636991941, 148.36042856875815, 2869.9801496548616, 667.4856864186753, 112.22967420022644, 0.6495483018820439, 1202.9245785178439], ""wu"": [0.028370972446369665]}"
52,74.8529,1,4500,60.2,"{""werr"": [3196.9758449774204, 965.4922738727532, 2799.8339954283265, 92.3935003748959, 0.1765397125002539, 6.010320561750275, 10.550743653448745, 1478.2027438613263, 1836.840412127384, 3150.1957286582087, 0.2504699268420383, 742.046245299543], ""wu"": [0.041880313550673856]}"
53,221.434,1,4500,60.8,"{""werr"": [2765.3073309804618, 973.146630620832, 1925.9736641190054, 107.69616631854826, 0.20852065742112424, 5.667200661454954, 7.425978368643512, 1812.9974789379878, 1799.7322568696193, 3404.5339691870154, 0.15559342429047862, 4719.77071159969], ""wu"": [0.0821668507337353]}"
54,21199.3,1,4500,60.3,"{""werr"": [2017.7116540164125, 1892.0018988004456, 2945.219046392392, 228.45378775500836, 0.429071236527975, 8.69567179081187, 12.540378539715057, 945.2379127728647, 428.65014687335974, 4677.057306626973, 0.2400920251856279, 2644.177980521044], ""wu"": [0.04107447718382727]}"
55,219.584,1,4500,60.1,"{""werr"": [885.7860078270636, 1067.5715821760261, 614.292553713357, 74.21527714692105, 0.1844114677032042, 56.301930678727146, 2.189144914945201, 1447.8534799146307, 2851.575072912044, 2512.3912246512223, 8.836605164168459, 544.5683427816082], ""wu"": [0.1590335463135928]}"
56,10.5971,1,4500,60.6,"{""werr"": [3105.0695488496503, 3559.6136925017254, 1289.874310718633, 47.833168246395005, 0.7914336017123301, 1.052987465938242, 4.685420007514175, 3578.056735124748, 1525.435163252843, 346.6853792193637, 0.13178228894131305, 299.50604792457045], ""wu"": [0.027130327714699514]}"
57,2092.98,1,4500,61.1,"{""werr"": [3303.1142956372696, 3381.4081488476513, 1205.273763004588, 50.97702105132058, 0.714977628223622, 2223.8726073023877, 0.8371753545408417, 3770.706296125746, 116.23992898830163, 367.0300235118528, 0.13457739237150051, 311.05965703385124], ""wu"": [0.02721875983739792]}"
58,444.449,1,4500,60.8,"{""werr"": [1609.047451860027, 155.8494245226178, 3014.2971325786257, 25.29491162172321, 1.5552338373123216, 1.0668051045918459, 3.502450043957388, 1023.3959208652823, 1577.232435892719, 73.91443062424337, 0.5652745701903692, 1465.9451656525919], ""wu"": [0.015274121640342347]}"
59,39.6823,1,4500,60.3,"{""werr"": [3624.274994616873, 2204.293009368346, 378.8405206837772, 85.90590170830903, 0.7500039380464335, 0.16180961301479493, 5.593861648684291, 622.924970432499, 701.4154593345526, 233.09739720774022, 0.14824735073031164, 990.9726399432724], ""wu"": [0.04212383550457995]}"
60,14290.6,5,4500,61.4,"{""werr"": [389.40941093291235, 0.10987372409950984, 55.11237789115043, 218.4837463892525, 0.9025799733825423, 0.15238618875378926, 1.663676094543936, 743.4802355113802, 160.43528983066182, 253.88008324856983, 0.1387719451753981, 2776.386506357035], ""wu"": [0.03096691288189957]}"
61,26.5815,1,4500,60.1,"{""werr"": [0.5800699027375926, 2329.685942343949, 166.36549461832632, 8.662712727738262, 2.382744087520318, 0.17283777203091555, 5.127582980366561, 529.7203327548755, 362.10251976192194, 140.44926580695144, 0.7276107466202564, 291.47000051853513], ""wu"": [0.02294540179243423]}"
62,97771.2,1,4500,60.0,"{""werr"": [0.14679113189748536, 2185.022266236158, 164.93803571430396, 0.21684487975422764, 3.838887903958541, 0.19158419770701862, 5.606641342628577, 274.3736558470834, 576.2385462714266, 139.43914614841722, 0.10484792199623597, 313.8790742656665], ""wu"": [0.021883413270740917]}"
63,21.7881,1,4500,60.0,"{""werr"": [10.650458875311656, 3477.4057660496364, 385.3673742361788, 6.621640696324057, 6.392112584497744, 0.3094242595189928, 2.3839266595648123, 3000.938994671052, 325.1745656376127, 52.27625474610376, 0.711061203303233, 111.53846106531974], ""wu"": [0.050810966726524597]}"
64,8689.27,1,4500,59.8,"{""werr"": [1.8543328591458788, 2028.665791153603, 91.9156686880608, 5.3682718427256315, 9.110391547816125, 0.10523795427990791, 2.2532969629716413, 607.8252264231068, 337.437456214873, 49.717371105160545, 0.8567252165943008, 26.558409780478357], ""wu"": [0.035309008840344575]}"
65,32141.5,1,4500,60.0,"{""werr"": [1.0238953988279487, 612.4454675121174, 318.53529661617716, 10.97574300558497, 6.7619966220508525, 0.2639747930615648, 1.481402650017985, 447.42879083861806, 196.76043878289275, 17.82159975760929, 1.2752615416339055, 118.69797273226403], ""wu"": [0.01703969831028215]}"
66,1087.72,1,4500,59.9,"{""werr"": [9.451206066965494, 3038.9106163106376, 29.81245798664754, 1.5539799863974602, 18.421790390558606, 0.40232640026800265, 5.086719926154728, 3238.6238227240974, 1.3765442887071464, 86.18739420841432, 0.4113101993608886, 59.6711184259647], ""wu"": [0.02454266803259682]}"
67,4659.03,1,4500,59.9,"{""werr"": [0.4710813226502868, 568.5517640084764, 514.9370845655876, 6.018402157779519, 2.626673960200528, 0.33117650602075693, 0.9358921424591022, 1946.611851718891, 68.47073361624622, 23.178810677389748, 0.19109600114079847, 36.10828760627936], ""wu"": [0.011942790751421961]}"
68,10649.1,1,4500,60.3,"{""werr"": [0.22984821020395185, 1660.5059745322462, 212.8338586397862, 2.6699435613740397, 7.196539552028426, 0.6931282662518944, 16.506415907858788, 1138.2009908514872, 481.0326487215803, 9.704067577089843, 0.7654066946928583, 87.3522714858228], ""wu"": [0.045827283021279704]}"
69,131252,1,4500,59.8,"{""werr"": [66.81050969042022, 340.17091243500676, 359.77219679264795, 3.626567451760588, 4333.319107381026, 0.18023281168620298, 0.37431396582725013, 4683.166829903818, 914.4347962554326, 52.62046597514163, 0.28037129086266216, 241.2927089726115], ""wu"": [4.422542870516674]}"
70,1441.73,1,4500,60.0,"{""werr"": [2.164639017663634, 4858.039516832254, 42.39047576679643, 39.101246554491865, 27.768403974042403, 0.10368284194454604, 2.6203691079636338, 1698.8003550566962, 103.71969663482618, 195.19176757874703, 0.13714447978179892, 487.43679830737887], ""wu"": [0.00959353186383554]}"
71,23854,1,4500,59.7,"{""werr"": [15.095697125266462, 841.7571090003447, 12.276244157653561, 21.4116861175202, 1.2649927262287592, 0.6763443732392947, 4.198752263510596, 3436.2172477613126, 3385.198768290075, 68.41193567776727, 1.425872745945067, 128.96389982510985], ""wu"": [0.11847657644173885]}"
72,321.68,1,4500,61.2,"{""werr"": [4351.242911053388, 3594.423867258044, 677.3307390264497, 155.31445904236048, 0.6723376123557543, 1.6234405687995657, 7.7466098636876435, 2571.2819298904556, 735.3766195038049, 386.85606153433906, 0.43420312982965736, 1038.7862160127986], ""wu"": [0.05221896118234427]}"
73,27262.3,1,4500,59.7,"{""werr"": [0.5693390076338009, 2601.586886662119, 169.46176550001684, 74.6696215958243, 0.4906834351497384, 1.0040542629991125, 1934.7887719228204, 1122.7924799787274, 301.53759193629145, 138.80645032087511, 0.508500833340463, 255.24721322898023], ""wu"": [0.07548428167596909]}"
74,2052.32,1,4500,60.1,"{""werr"": [37.39354189528589, 1252.6078135142193, 0.16440744786968556, 37.50343153499595, 2.3621963481488266, 0.3766292142238272, 3.100065771775813, 1819.6061319401608, 1342.6782585661285, 285.10722485357337, 0.25342671416914603, 148.91792175560957], ""wu"": [0.03161669764124027]}"
75,33817.4,1,4500,60.1,"{""werr"": [4035.4958084646223, 3855.4795455805643, 997.068917948575, 9.742202754790405, 1.0086915205994467, 2.4839423845676265, 59.670108700146216, 546.729498613244, 374.101118239849, 868.9979530089942, 0.16723357130958638, 945.5246215127795], ""wu"": [0.05839396346781048]}"
76,565.859,1,4500,59.7,"{""werr"": [7.464083866833527, 1924.6746680166293, 503.3950704145783, 1.6724861938251925, 5.384762749273003, 0.18950008068571625, 15.826936565475371, 840.2378524847728, 853.1873091141638, 446.38691180685004, 0.31473599255246365, 366.2713843215649], ""wu"": [0.03861482663677357]}"
77,2891.07,1,4500,59.8,"{""werr"": [122.72926692696531, 2734.2060608978095, 96.01560195399405, 118.41053386391883, 0.2774851525750311, 0.8270899917363416, 1.2992599296744358, 2695.9762294599814, 183.55907545482708, 768.3311898191463, 0.7020656764315312, 543.2271087218815], ""wu"": [1.7605114759037264]}"
78,2415.04,1,4500,61.3,"{""werr"": [2118.2246061833034, 1468.2137622143941, 233.88801934036886, 286.18389505667267, 1.569936736999366, 0.5678007346447176, 8.975811236872664, 343.88930913778296, 550.3555392086561, 98.84584117233615, 0.4456110183140856, 1613.057129655203], ""wu"": [0.021501333710626822]}"
79,184.812,1,4500,60.0,"{""werr"": [718.6008189961501, 3912.274001357214, 835.5199427128185, 19.921932234661632, 0.5854175793415524, 0.13130824309829103, 5.44182869215754, 144.36743528502578, 1280.1361843581942, 1492.0210136897729, 0.36979928284924074, 3728.3202160758915], ""wu"": [0.04560258319046815]}"
80,2020.07,1,4500,61.0,"{""werr"": [1330.0341315691765, 250.14302284013175, 1279.3124910649444, 48.451491996405466, 0.15665795140975028, 3.0778196362325505, 34.50465244095742, 1325.6870950266655, 3381.5169385924637, 203.93172990835637, 0.1307689161574034, 2167.101159613263], ""wu"": [0.19508933944198537]}"
81,35457.6,1,4500,59.8,"{""werr"": [3.4579353144973908, 422.3761135388667, 1638.5343649930774, 79.06804089936944, 3.070969188425844, 1.3715142443478479, 118.27140311792397, 4145.871639519902, 2243.2304621859707, 153.26624784217086, 0.2066018716939491, 79.13017270275205], ""wu"": [0.017074216124946685]}"
82,9408.83,1,4500,61.3,"{""werr"": [3561.0761594802902, 881.5806829563523, 3441.7980307101698, 171.37644950723552, 0.15184585238308884, 4.881918070389997, 10.777732683360615, 2060.7451068447567, 1891.8267968303471, 1146.4628343430718, 0.2552903555841828, 667.2002276965402], ""wu"": [0.041334876545104995]}"
83,110.077,1,4500,59.8,"{""werr"": [2578.686625694452, 1116.9396770511134, 2302.521007785447, 94.2093287025907, 0.28469046826524363, 1.6846634262704439, 6.84714717212269, 1338.3157741459843, 0.10294605462559418, 771.0830699056941, 1.1659135184188005, 895.6414991468273], ""wu"": [0.02478393768082802]}"
84,10410.6,1,4500,60.5,"{""werr"": [3710.129464642546, 550.7995093518412, 3637.5766975063602, 64.40551614775485, 0.10005325670659594, 0.239957610776037, 23.35976463782635, 3265.3753448385596, 745.7100237195654, 283.4269115415111, 279.3687268587961, 197.08533687205625], ""wu"": [0.08068833641390658]}"
85,27143.2,1,4500,59.9,"{""werr"": [981.7285135743366, 2225.242707393453, 1984.4832613833346, 113.94017884838723, 0.41944539576790046, 16.629890188521106, 4.017686232965986, 4904.509884249895, 0.223091008654223, 1799.8249980900105, 0.10099649171093696, 350.84092125577763], ""wu"": [0.031621332406100176]}"
86,35235.3,1,4500,59.8,"{""werr"": [2359.460989043584, 801.788730201675, 0.8898313902157144, 32.886931337497316, 0.2040542672875616, 0.44320063255226466, 11.26117996609402, 1514.6273434194813, 3412.500397995537, 640.4593970053206, 0.23251713599035362, 597.7149802235784], ""wu"": [0.06146660102718007]}"
87,13276.5,1,4500,60.7,"{""werr"": [2001.5882277026597, 1635.9403950340854, 673.8736211098985, 12.714051799569473, 0.808638260082421, 2.747692786514008, 16.02734683138906, 897.6017947014892, 1033.058363226555, 118.43664876212794, 0.5858852660069547, 1365.6621427052871], ""wu"": [0.012343694842697522]}"
88,33661.4,1,4500,60.5,"{""werr"": [1553.6620639241696, 2859.990306867091, 394.4283715074025, 918.345177332372, 0.5357988180508019, 1.0419976114115441, 2.7133706069818273, 2266.682259592544, 1371.1999288246166, 406.04681969245263, 0.34399654903547516, 405.96763191308986], ""wu"": [0.047634084069894445]}"
89,227811,1,4500,62.1,"{""werr"": [4869.591217447316, 0.8625302621448913, 278.7910574485403, 6.7079792470790975, 0.3211584553209564, 0.5555432214853407, 38.36992991832373, 618.5135303696952, 274.3197301924151, 41.26013311718631, 0.16887009609400627, 234.24289367667166], ""wu"": [0.1059504658039622]}"
90,1031.36,1,4500,60.8,"{""werr"": [536.3725684692678, 1159.5966844499849, 947.0658437428748, 29.675097195783845, 0.17390934299777003, 2.1771107518591952, 4.479584036425648, 2950.9100957166593, 431.3045776800417, 3124.374707838108, 4972.664316449759, 839.1398911261326], ""wu"": [0.03974013887088669]}"
91,26648.1,1,4500,61.7,"{""werr"": [0.10218157434250043, 4549.987228265175, 1511.5292518524764, 260.5849829835033, 0.44583097338643407, 0.3295598412145772, 25.645379501878363, 414.3816524226919, 4949.654491498319, 67.3057187913446, 0.8499558221174245, 2901.388329606303], ""wu"": [0.02741225400448081]}"
92,896.164,1,4500,59.9,"{""werr"": [3152.511760172766, 1347.08037565608, 1910.2246015297394, 3.569279934757199, 0.27004275801692595, 9.264533862673835, 50.8300257220759, 7.683720990375243, 1767.2397675324557, 2638.023653420654, 3.8536799311370484, 698.361620989081], ""wu"": [0.07756759595946083]}"
93,915.094,1,4500,60.0,"{""werr"": [2593.1982300645523, 668.4134493064114, 2479.0879030904075, 17.47146730780223, 0.12173462908234356, 7.3043727823416535, 82.67454687047356, 71.42755208564223, 2464.6246288112484, 3691.1814742545967, 2.2209451081838987, 1941.0917738685528], ""wu"": [0.06817967835412297]}"
94,953.459,1,4500,60.0,"{""werr"": [1234.139542378163, 1686.548414905956, 3485.6091590295464, 136.61384378553802, 13.235743036511519, 22.20774226785597, 32.83083972486031, 23.489167755196426, 2300.3255561329897, 1199.9272875632225, 6.934659065777071, 480.86341131373007], ""wu"": [0.056752510418865316]}"
95,23.9928,1,4500,59.8,"{""werr"": [3633.842846193065, 2106.1891712320644, 1702.7405071790283, 60.59445834228381, 0.30674122504015944, 4.522118927779763, 844.3775469421856, 3776.0830176598733, 3967.6797954817966, 2217.0372321136233, 2.9953702384984133, 4549.984082844143], ""wu"": [0.03310656022602144]}"
96,795.382,1,4500,61.0,"{""werr"": [3984.818027329622, 2337.7429997187264, 1238.271887349866, 51.00913037607898, 0.3439403763892297, 13.711981155344432, 1568.9620492536606, 1828.0001024207402, 3433.248573730912, 2025.853841557454, 3.3188073763714754, 4965.707375765725], ""wu"": [0.03230493268584309]}"
97,44.9837,1,4500,59.9,"{""werr"": [1785.7508674528794, 3170.5456869430195, 530.8992274372946, 97.99473424384085, 0.23129556048260036, 254.51489975372033, 182.4872602813109, 3741.6469664591855, 1550.4554441405473, 238.17598783731418, 31.4882004879517, 3052.388753906463], ""wu"": [0.018096601456262844]}"
98,439.811,1,4500,60.6,"{""werr"": [1878.5252496442051, 3178.120173930737, 537.7292625104412, 182.62272640921574, 0.2200613645096695, 257.1097881231546, 810.2888802446142, 3844.4548823207033, 3983.121243000798, 237.20812972782477, 21.79813068354387, 3781.4165432542704], ""wu"": [0.018488631835759075]}"
99,35314,1,4500,60.6,"{""werr"": [678.3783825031148, 3690.497707915695, 442.43315824024376, 66.74003963183247, 1.1508533481852767, 186.50795524785767, 307.9447831342866, 2623.6495017252023, 542.603331868874, 179.66372263184027, 1590.4237772675185, 3362.8394090354745], ""wu"": [0.01478830920503018]}"
100,28.2181,1,4500,60.0,"{""werr"": [1373.0319716673296, 4876.499671352236, 188.8907017040695, 461.8856422010337, 0.781100674782546, 33.06447731495258, 173.18492952806363, 3800.998906193575, 126.25148954306405, 314.79498352745304, 0.1270108789725338, 2422.7176724606275], ""wu"": [0.024704366579081]}"
56,151.68,2,9000,120.0,"{""werr"": [3105.0695488496503, 3559.6136925017254, 1289.874310718633, 47.833168246395005, 0.7914336017123301, 1.052987465938242, 4.685420007514175, 3578.056735124748, 1525.435163252843, 346.6853792193637, 0.13178228894131305, 299.50604792457045], ""wu"": [0.027130327714699514]}"
34,29639.3,2,9000,120.8,"{""werr"": [2448.577378231015, 1378.4904033405496, 1829.5577710034934, 66.34462399741894, 0.3096124673715845, 5.252068905323312, 42.277674876775436, 4603.984005157009, 698.7784571824637, 1767.4113805878585, 0.12615100828247822, 520.788050694794], ""wu"": [0.014667334446086883]}"
63,51676.6,2,9000,120.4,"{""werr"": [10.650458875311656, 3477.4057660496364, 385.3673742361788, 6.621640696324057, 6.392112584497744, 0.3094242595189928, 2.3839266595648123, 3000.938994671052, 325.1745656376127, 52.27625474610376, 0.711061203303233, 111.53846106531974], ""wu"": [0.050810966726524597]}"
